;;Value;Value;Value;Value;Value;Value;Value;Value;Value;Value;Value;Value;Value;Value;Value;Value
Ind_Esp;;% Viviendas con valor catastral mayor de 48.000 euros;% Viviendas con valor catastral menor de 18.000 euros;Número de viviendas;Porcentaje de viviendas con menos de 10 años;Porcentaje de viviendas con menos de 5 años;Porcentaje de viviendas con más de 50 años;Porcentaje de viviendas de menos de 60 metros cuadrados;Porcentaje de viviendas de menos de 80 metros cuadrados;Porcentaje de viviendas de más de 120 metros cuadrados;Superficie construida media de las viviendas;Superficie de aparcamiento por turismo;Superficie de aparcamiento por vivienda;Superficie total de aparcamientos;Superficie total de solares;Valor catastral medio por metro cuadrado;Valor catastral medio por vivienda
DTBA;Year;;;;;;;;;;;;;;;;
11;2018;50,33;6,07;2161;8,96;1,45;58,26;11,86;28,34;44,68;126,32;13,38;14,41;31141;2283;462,36;58658,8
11;2019;51,69;5,76;2156;7,77;1,22;58,75;11,94;28,6;44,76;126,13;13,37;14,76;31827;2412;476,13;60283,72
11;2020;53,32;5,28;2143;5,93;0,85;59,82;11,96;28,64;44,7;125,78;13,1;14,77;31658;2255;491,85;62125,39
11;2021;53,41;5,27;2147;5,74;0,75;61,73;11,94;28,63;44,57;125,63;13,17;14,8;31778;2142;492,44;62194,48
11;2022;53,3;5,37;2142;4,57;0,9;61,4;12,02;28,79;44,34;124,59;;14,71;31511;2150;493,35;62082,79
12;2018;57,78;8,33;2654;1,6;0,65;66,49;9,36;20,2;55,57;147,7;30,83;26,21;69550;3636;484,71;76717,92
12;2019;59,09;7,34;2653;1,14;0,99;68,76;9,17;19,86;55,75;148,15;30,14;26,36;69923;3682;501,19;79364,3
12;2020;60,6;6,5;2703;3,02;2,99;68,15;8,96;19,45;56,57;149,12;30,64;25,12;67908;3750;523,29;83510,14
12;2021;60,61;6,48;2707;3,16;2,53;73,9;8,94;19,43;56,44;149,2;30,57;25,07;67863;3989;523,21;83525,5
12;2022;60,59;6,48;2708;3,13;2,49;75,4;8,97;19,54;56,35;149,16;;24,99;67671;3989;523,23;83526,68
13;2018;22,39;22,48;4250;5,31;0,48;52,98;15,21;39,19;22,17;96,78;13,38;7,42;31534;17220;350,14;34864,06
13;2019;24,74;21,6;4248;4,22;0,39;57,33;15,18;39,13;22,09;96,81;14,03;7,75;32927;17220;360,75;35942,15
13;2020;26,54;20,41;4244;3,5;0,41;60,82;15,05;39,01;22,07;96,94;13,68;7,63;32366;19663;372,18;37100,5
13;2021;26,51;20,41;4245;2,03;0,22;62,76;15,05;39;22,05;96,92;13,43;7,62;32366;20078;372,17;37092,51
13;2022;26,78;20,81;4188;0,98;0,2;64,49;15,31;39,18;22,21;96,75;;7,78;32582;22378;372,93;37144,38
14;2018;31,87;26,22;2821;11,88;0,58;48,04;11,31;31,8;33,45;107,09;31;17,42;49142;13363;361,26;41470,62
14;2019;33,31;24,39;2798;8,08;0,22;47,66;11,16;31,53;33,6;107,35;30,58;17,6;49231;14103;374,23;43001,26
14;2020;34,8;22,86;2821;6,11;1,26;47,45;11,54;31,92;33,18;106,96;30,41;17,48;49325;13273;386,61;44239,13
14;2021;34,68;22,79;2830;3,48;1,25;47,55;11,61;31,96;33,03;106,48;29,27;17,43;49325;13155;386,91;44071,21
14;2022;34,59;22,04;2843;2,5;1,6;49,71;11,7;32,03;33,1;106,41;;17,35;49325;13155;387,74;44107,27
15;2018;42,73;10,03;2832;9,6;2,29;60,42;18,45;34,78;35,67;111,9;20,09;10,27;29095;4545;457,19;51669,41
15;2019;44,09;9,43;2882;9,68;3,27;61,54;19,21;35,68;35,05;111,04;20,35;10,27;29609;4545;473,85;52997,09
15;2020;45,12;8,81;2890;7,02;2,77;61,16;19,44;36,07;34,7;110,57;20,36;10,25;29609;4449;487,92;54465,84
15;2021;45,06;8,76;2892;5,5;2,7;60,93;19,55;36,16;34,62;110,28;20,63;10,45;30209;5206;488,18;54377,33
15;2022;45,38;8,69;2927;5,92;3,46;60,64;19,63;36,21;34,34;110,07;;10,33;30240;4372;490,12;54476,06
16;2018;79,97;1,35;4508;2,13;0,29;69,02;9,46;16,19;63,09;149,79;40;35,3;159148;744;621,34;94675,12
16;2019;81,14;1,38;4507;1,35;0,2;71,97;9,51;16,24;63,02;149,44;41,57;36,5;164487;744;639,78;97214,78
16;2020;82,66;1,18;4504;1,36;0,04;72,71;9,45;16,16;63,1;149,56;41,7;36,5;164395;744;659,34;100204,9
16;2021;82,55;1,18;4509;0,58;0,04;73,4;9,55;16,27;62,97;149,3;41,56;36,46;164395;744;659,38;100033,1
16;2022;82,5;1,18;4509;0,42;0,02;73,4;9,55;16,27;62,94;149,3;;36,46;164395;744;659,64;100075,48
21;2018;37,33;6,86;14392;1,36;0,65;69,95;6,81;25,01;32,75;107,42;19,43;13,08;188280;52455;404,27;45427,83
21;2019;39,14;6,11;14380;1,38;0,58;70,58;6,77;24,94;32,79;107,48;20,95;14,3;205630;88329;416,52;46836,6
21;2020;41,31;5,26;14392;0,99;0,42;71,1;6,78;25,03;32,73;107,43;20,97;14,29;205630;90064;429,07;48218,11
21;2021;41,35;5,24;14393;1,16;0,49;72,95;6,77;25,07;32,81;107,5;21,1;14,28;205486;93638;429,53;48322,67
21;2022;41,5;5,21;14387;1,13;0,7;73,3;6,7;24,95;32,9;107,62;;14,02;201662;95010;429,8;48428,9
22;2018;96,39;0,07;4238;3,73;0,09;64,87;2,74;6,7;78,43;176,19;36,98;39,4;166970;504;747,66;133199,52
22;2019;96,6;0,07;4237;3,68;0;65,16;2,74;6,68;78,36;176,05;37,36;39,63;167908;504;770,42;137137,09
22;2020;97,19;0,07;4240;3,09;0;67,08;2,76;6,72;78,35;175,9;38,14;39,59;167872;504;793,72;141180,76
22;2021;97,22;0,07;4241;2,83;0,28;69,94;2,71;6,72;78,38;175,72;38,28;39,76;168605;504;794,73;141291,92
22;2022;97,19;0,07;4239;1,96;0,28;70,68;2,74;6,75;78,32;175,58;;39,77;168605;504;794,85;141191,65
23;2018;79,44;0,29;6566;0;0;88,52;2,04;7,4;61,67;138,65;22,47;18,99;124680;136;536,73;77245,89
23;2019;81,36;0,26;6568;0;0;89,33;2,04;7,4;61,65;138,63;22,53;18,95;124477;136;552,81;79548,58
23;2020;84,01;0,24;6565;0,12;0,12;89,19;2,06;7,39;61,69;138,65;22,61;18,96;124477;0;569,98;82008,57
23;2021;84,03;0,24;6561;0,2;0,2;90,67;2,06;7,36;61,68;138,79;22,9;19,09;125280;0;570,29;82142,94
23;2022;83,98;0,24;6562;0,2;0,2;90,67;2,07;7,38;61,64;138,74;;19,11;125401;0;570,23;82097,24
31;2018;38,96;20,47;3991;3,11;0,58;65,42;11,78;32,3;33,8;106,15;21,86;13,99;55854;21284;394,95;45051,65
31;2019;40,58;19,65;3995;2,03;0,15;66,41;11,76;32,29;33,74;106,05;19,77;12,93;51663;20835;406,81;46350,16
31;2020;41,71;18,56;3992;2,03;0,15;67,56;11,8;32,34;33,69;105,98;19,88;12,94;51661;20835;418,89;47702,17
31;2021;41,66;18,5;3994;1,33;0,15;69,18;11,79;32,32;33,7;105,99;21,55;14,03;56022;19754;418,71;47669,99
31;2022;41,73;18,6;4000;0,78;0,3;69,47;11,68;32,5;33,67;105,99;;13;52010;20835;419,19;47710,26
32;2018;42,53;7,21;3233;4,95;0,74;77,11;10,86;24,9;33;110,31;31,38;19,69;63642;103;447,35;51699,7
32;2019;43,85;7,02;3234;4,92;0,65;77,12;10,88;24,92;32,99;110,28;31,56;19,97;64570;103;460,74;53235,06
32;2020;45,36;6,65;3234;4,51;0;78,7;10,92;24,92;33,02;110,36;31,24;19,97;64570;103;475,04;54901,19
32;2021;45,39;6,65;3234;1,39;0;80,06;10,92;24,92;33,02;110,35;30,84;19,61;63434;103;475,07;54899,57
32;2022;45,52;6,66;3229;1,39;0;79,99;10,96;24,74;33,08;110,42;;19,65;63434;103;475,35;54957,74
33;2018;50,15;2,88;7928;2,09;0,19;68,77;3,92;16,8;42,58;115,72;17,65;14,08;111591;5814;442,93;52712,61
33;2019;51,9;2,62;7940;1,44;0,16;69,35;3,94;16,91;42,58;115,62;17,76;14,13;112212;5442;456,39;54266,29
33;2020;55,03;2,42;7945;1,49;0,21;70,17;3,98;16,93;42,59;115,6;17,68;14,11;112094;5541;470,14;55896,82
33;2021;55,04;2,42;7945;0,67;0,21;70,8;3,99;16,95;42,62;115,61;17,47;14,11;112094;5178;470,16;55899,88
33;2022;55,34;2,38;7973;0,97;0,69;70,7;3,94;16,79;42,96;115,92;;14,3;113995;3610;470,89;56141,54
34;2018;59,58;1,03;12447;1,09;0,22;64,1;3,48;14,69;46,08;120,73;24,74;20,09;250056;20904;484,68;60494,21
34;2019;62,45;0,85;12469;1,05;0,46;64,12;3,5;14,7;46,11;120,82;25,16;20,41;254441;17687;499,51;62386,59
34;2020;64,73;0,76;12469;1,08;0,57;64,13;3,58;14,77;46,07;120,76;25,45;20,44;254831;15144;514,79;64258,2
34;2021;64,73;0,76;12472;1,09;0,58;67,47;3,57;14,75;46,08;120,78;24,89;19,99;249265;29846;514,84;64269,36
34;2022;64,77;0,76;12496;0,87;0,66;67,66;3,56;14,72;46,21;120,86;;20,15;251832;29967;514,76;64303,45
41;2018;59,83;1,85;5730;1,03;0,05;7,85;3,4;10,03;36,37;117,38;35,1;37,98;217641;20507;439,89;51722,78
41;2019;62,19;1,68;5729;1,03;0,05;8,83;3,4;10,04;36,36;117,38;36,01;39,3;225170;20507;453,15;53281,52
41;2020;65,61;1,47;5729;1,03;0,03;14,05;3,4;10,02;36,04;117,36;36,55;39,28;225043;20801;466,93;54898,2
41;2021;65,62;1,5;5728;0,17;0,03;19,5;3,44;10,06;36,02;117,41;40,07;42,52;243568;20412;466,95;54927,2
41;2022;65,63;1,5;5729;0,12;0,03;20,93;3,44;10,05;36,01;117,43;;42,52;243601;20187;466,98;54944,26
42;2018;33,86;28,2;2723;0;0;29,53;1,4;37,83;26;100,81;17,73;14,88;40517;9543;355,78;38652,42
42;2019;34,81;20,35;2723;0;0;31,8;1,4;37,83;26;100,81;15,77;13,33;36311;9553;366,45;39811,99
42;2020;37,37;15,93;2724;0;0;31,83;1,4;37,85;25,99;100,74;15,81;13,33;36316;9553;377,59;40995,1
42;2021;37,37;15,93;2724;0;0;34,21;1,4;37,85;25,99;100,74;13,81;11,66;31749;9553;377,6;40994,64
42;2022;37,33;15,91;2727;0;0;47,08;1,39;37,88;25,96;100,7;;12,09;32983;9220;377,51;40971,46
43;2018;1,05;29,49;2669;0;0;65,01;18,28;52,79;8,28;83,97;8,78;5,9;15737;0;283,96;24373,4
43;2019;2,32;26,59;2670;0;0;71,99;18,28;52,81;8,28;83,96;8,73;5,89;15737;0;292,48;25102,34
43;2020;2,81;24,17;2673;0;0;75,53;18,26;52,86;8,27;83,94;8,49;5,89;15737;0;301,29;25849,87
43;2021;2,8;24,2;2674;0;0;79,69;18,25;52,88;8,26;83,93;8,47;5,89;15737;0;301,27;25845,81
43;2022;2,81;24,11;2671;0;0;82,37;18,23;52,86;8,24;83,93;;5,89;15737;306;301,52;25867,9
44;2018;73,79;0,57;7245;8,94;0;1,31;2,35;6,74;50,64;122,25;40,1;36,51;264524;258344;549,93;67698,29
44;2019;76,02;0,52;7245;2,54;0;1,31;2,35;6,74;50,64;122,25;40,46;38,27;277257;265789;566,44;69729,74
44;2020;77,05;0,52;7245;1,37;0;2,42;2,33;6,72;50,64;122,28;39,59;38,27;277257;265246;583,36;71822,35
44;2021;77,13;0,52;7272;0,37;0,37;4,58;2,32;6,7;50,8;122,39;39,15;38,21;277874;263619;583,69;71936,8
44;2022;77,77;0,5;7563;4,22;4,22;4,98;2,23;6,47;51,61;122,62;;37,56;284087;253773;580,95;71697,13
51;2018;12,94;9,29;5369;0;0;29,5;3,82;32,3;17,02;96,96;12,1;10,02;53774;16465;324,13;32389,5
51;2019;15,39;8,64;5368;0;0;31,33;3,82;32,3;17,01;96,9;12,14;10,17;54606;19897;333,88;33353,9
51;2020;17,14;7,43;5368;0;0;40,33;3,82;32,32;16,99;96,85;12,27;10,29;55250;18167;343,94;34342,63
51;2021;17,87;7,37;5416;0,89;0,89;47,88;3,79;32,2;17,71;97,47;12,37;10,33;55939;14376;344,67;34665,47
51;2022;18,01;7,33;5440;1,31;1,31;54,43;3,79;32,21;17,81;97,63;;10,45;56823;13780;344,95;34737,34
52;2018;19,71;14,19;5277;1,65;0,06;51,07;4,17;22,17;22,99;102,64;14,92;11;58069;18296;319,7;34095,13
52;2019;22,49;12,52;5319;2,01;0,9;51,66;4,29;22,11;23,28;102,68;14,87;11,15;59308;16089;330,53;35248,93
52;2020;24,36;10,59;5317;1,99;1,05;53,24;4,23;22,08;23,4;102,72;15,29;11,17;59369;17992;341,12;36388,68
52;2021;24,36;10,59;5317;1,92;1,05;57,23;4,27;22,12;23,26;102,69;15,16;11,17;59369;18140;341,19;36387,85
52;2022;24,36;10,56;5321;1,07;1,03;59,14;4,27;22,1;23,27;102,69;;11,16;59369;16995;341,32;36398,91
53;2018;16,47;7,96;4536;0,49;0;51,63;5,36;32,47;15,17;95,94;19,24;13,46;61045;15151;371,15;36863,24
53;2019;17,06;7,16;4536;0,31;0;51,63;5,36;32,47;15,17;95,94;19,35;13,46;61045;14939;382,28;37969,14
53;2020;18,01;6,37;4536;0,31;0;54,81;5,36;32,47;15,17;95,94;19,81;13,46;61045;14939;393,75;39108,32
53;2021;18,26;6,35;4550;0,62;0,31;57,87;5,34;32,37;15,43;96,04;19,93;13,45;61203;14617;394,16;39199,25
53;2022;18,3;6,35;4552;0,31;0,31;57,84;5,34;32,38;15,47;96,06;;13,44;61161;14615;394,26;39214,8
54;2018;17,86;28,89;4133;0,68;0,02;43,79;4,28;30,9;11,9;93,61;13,47;11,45;47324;7844;318,14;31313,91
54;2019;21,1;28,12;4133;0,27;0;46,14;4,28;30,9;11,9;93,6;13,42;11,56;47759;7844;327,75;32253,32
54;2020;23,75;26,97;4131;0,02;0;48,34;4,24;30,91;11,89;93,55;13,28;11,53;47623;8626;337,57;33199,51
54;2021;23,74;26,96;4132;0,02;0;51,38;4,24;31,22;11,88;93,5;13,08;11,53;47623;8626;337,66;33196,28
54;2022;23,72;26,96;4132;0,02;0;51,74;4,24;31,22;11,86;93,49;;11,53;47623;7906;337,65;33189,47
55;2018;29,18;5,33;4596;1,33;0;29,98;2,57;14,86;34,14;110,54;17,39;15,99;73484;6808;352,27;39909,02
55;2019;31,41;4,62;4591;0;0;31,82;2,57;14,83;34,15;110,54;17,27;16,02;73539;8896;362,62;41080,22
55;2020;33,35;3,64;4591;0;0;32,13;2,57;14,83;34,15;110,54;17,27;16,02;73539;7415;373,52;42312,62
55;2021;33,36;3,64;4592;0;0;35,82;2,57;14,83;34,17;110,54;17,1;16,01;73539;7415;373,55;42318,13
55;2022;33,8;3,6;4636;0,95;0,95;36,82;2,55;14,75;34,56;110,87;;15,92;73800;8204;374,48;42558,64
61;2018;72,48;0,33;3376;4,8;0;36,34;4,62;12,06;59,6;145,9;27,33;28,31;95576;428;645,08;99944,13
61;2019;75,41;0,18;3376;4,62;0;39,87;4,62;12,06;59,6;145,9;27,89;28,45;96035;428;664,43;102942,45
61;2020;78,34;0,15;3365;3,27;0;40,45;4,7;12,18;59,61;145,91;29,06;29,32;98659;428;685,24;106169,26
61;2021;78,72;0,15;3351;2,39;0;44,08;4,72;11,91;59,89;146,12;29,64;29,44;98659;812;687,3;106491,51
61;2022;78,72;0,15;3350;2,39;0;44,09;4,72;11,91;59,88;146,01;;29,4;98493;2601;687,31;106404,74
62;2018;65,55;0,69;7834;0,2;0,01;31,64;3,56;18,48;33,15;113,29;27,09;25,21;197460;12441;550,71;65372,24
62;2019;67,62;0,42;7839;0,2;0,01;34,48;3,56;18,47;33,13;113,27;27,49;25,23;197788;12441;567,24;67320,06
62;2020;69,21;0,36;7857;0,22;0,22;34,66;3,6;18,54;33,1;113,23;27,72;25,18;197863;12239;584,16;69298,86
62;2021;69,21;0,36;7856;0,22;0,22;36,71;3,6;18,55;33,11;113,22;27,36;25,19;197863;12239;584,29;69307,93
62;2022;69,25;0,35;7892;0,61;0,6;39,28;3,67;18,65;33;113,11;;25,12;198264;11843;584,78;69278,57
63;2018;86,01;0,3;2994;0;0;24,92;3,44;5,54;71,21;169,24;20,87;23,76;71137;259;595,39;104922,73
63;2019;86,64;0,1;2994;0;0;27,82;3,44;5,54;71,21;169,24;21,1;23,76;71137;259;613,25;108070,41
63;2020;88,51;0,07;2994;0;0;31,23;3,44;5,54;71,21;168,64;21,41;23,76;71137;259;633,58;111304,67
63;2021;88,51;0,07;2994;0;0;68,97;3,44;5,54;71,21;168,64;21,54;23,76;71137;259;633,58;111304,72
63;2022;88,51;0,07;2994;0;0;68,97;3,44;5,58;71,18;168,59;;23,76;71137;259;633,37;111212,24
64;2018;83,06;0,07;1464;0;0;0,14;2,8;6,22;45,9;125,07;25,71;23,53;34452;3218;517,14;65222,28
64;2019;84,03;0,07;1465;0;0;11,6;2,8;5,8;45,94;124,99;25,74;23,12;33878;3218;532,59;67133,08
64;2020;90,85;0,07;1465;0;0;20,89;2,8;5,8;45,94;124,99;26,43;23,12;33878;3218;548,33;69123,35
64;2021;90,85;0,07;1465;0;0;28,05;2,8;5,8;45,94;124,99;26,91;23,12;33878;3218;548,33;69123,35
64;2022;90,87;0,07;1467;0;0;38,92;2,79;6,2;45,94;124,89;;23,09;33878;3218;548,41;69081,71
71;2018;19,02;9,26;13085;2,37;0,15;50,27;2,37;24,78;19,77;100,2;17,3;13,84;181061;54495;340,52;35130,07
71;2019;20,68;7,93;13087;1,08;0,15;51,44;2,37;24,78;19,78;100,2;17,43;13,99;183064;54435;350,74;36185,71
71;2020;23,31;7,07;13138;1,22;0,53;56,22;2,36;24,7;19,93;100,29;17,6;14;183868;55255;361,52;37329,88
71;2021;23,36;7,04;13147;0,95;0,63;58,24;2,34;24,65;20,03;100,42;17,56;14;184058;53744;361,37;37369,21
71;2022;23,73;7,01;13221;1,17;1,01;59,62;2,33;24,52;20,26;100,55;;14,01;185234;52198;361,96;37480,77
72;2018;10,48;20,39;2482;0,89;0;30,94;4,79;25,75;13,42;97,36;7,93;8,38;20793;17838;301,18;30108,95
72;2019;12,37;19,46;2482;0,89;0;36,99;4,79;25,75;13,42;97,36;8,4;8,38;20793;17838;310,22;31012,22
72;2020;15,51;18,65;2482;0,85;0;42,91;4,79;25,75;13,42;97,36;7,92;8,3;20595;19164;319,52;31942,58
72;2021;15,51;18,65;2482;0;0;55,72;4,79;25,75;13,42;97,36;8,72;8,3;20595;17860;319,52;31942,58
72;2022;15,5;18,68;2484;0;0;60,27;4,83;25,76;13,41;97,35;;8,29;20595;17860;319,48;31936
73;2018;2,32;20,2;4400;0;0;58,43;16,55;46,8;12,07;84,89;10,11;7,48;32909;57880;283,12;24697,35
73;2019;3,39;18,41;4400;0;0;58,43;16,55;46,8;12,07;84,89;10,09;7,48;32909;57880;291,61;25438,26
73;2020;3,95;17,7;4400;0;0;58,66;16,52;46,77;12,07;84,9;9,99;7,48;32909;57880;300,36;26203,32
73;2021;3,95;17,7;4400;0;0;62,02;16,52;46,77;12,07;84,9;9,96;7,48;32909;57880;300,36;26203,32
73;2022;3,95;17,7;4400;0;0;81,64;16,52;46,77;12,07;84,9;;7,48;32909;57880;300,36;26203,32
74;2018;6,13;56,81;1549;0;0;56,94;0,65;58,94;12,33;83,29;15,49;13,07;20242;2531;255,88;22615,82
74;2019;7,68;56,81;1549;0;0;56,94;0,65;58,94;12,33;83,29;15,21;13,07;20242;2531;263,55;23294,29
74;2020;7,75;56,81;1549;0;0;59,26;0,65;58,94;12,33;83,29;15,2;13,07;20242;2531;271,46;23993,11
74;2021;7,75;56,81;1549;0;0;66,24;0,65;58,94;12,33;83,29;14,81;13,07;20242;2531;271,46;23993,11
74;2022;7,75;56,81;1549;0;0;71,08;0,65;58,94;12,33;83,29;;13,16;20392;2531;271,46;23993,12
75;2018;27,54;0,04;2277;0;0;14,45;0,61;11,95;22,4;106,62;14,47;14,37;32722;9099;371,01;39978,15
75;2019;32,37;0,04;2277;0;0;14,45;0,61;11,95;22,4;106,62;14,69;14,47;32959;9099;382,14;41177,49
75;2020;36,76;0,04;2277;0;0;14,45;0,61;11,95;22,4;106,62;14,44;14,47;32959;7494;393,6;42412,81
75;2021;36,76;0,04;2277;0;0;23,01;0,61;11,95;22,4;106,62;14,33;14,47;32959;7494;393,6;42412,81
75;2022;36,76;0,04;2277;0;0;23,01;0,61;11,95;22,4;106,62;;14,47;32959;7494;393,6;42412,81
81;2018;37,37;6,83;12051;0,44;0,01;40,57;2,71;19,1;29,53;107,24;16,35;14,38;173270;25614;386,89;42811,47
81;2019;38,75;5,98;12051;0,41;0,01;41,62;2,71;19,1;29,55;107,26;16,28;14,38;173322;26075;398,5;44098,14
81;2020;41,14;5,06;12054;0,09;0;41,85;2,7;19,1;29,53;107,22;16,16;14,38;173317;26210;410,47;45410,16
81;2021;41,24;5,05;12076;0,19;0,18;44,22;2,7;19,07;29,6;107,25;16,28;14,53;175468;26212;410,78;45459,84
81;2022;41,44;5,02;12149;0,77;0,77;46,09;2,68;19,04;29,87;107,53;;14,6;177378;22117;411,07;45606,58
82;2018;37,32;0,21;4269;3,75;0;0,66;0,49;5,58;28,95;112,53;14,16;15,24;65059;141027;379,34;42794,18
82;2019;42,07;0,21;4269;1,76;0;0,66;0,49;5,58;28,95;112,43;13,84;15,04;64214;132371;391,02;44077,57
82;2020;45,8;0,21;4269;1,76;0;0,66;0,49;5,58;28,95;112,43;13,78;15,08;64359;132371;402,74;45397,12
82;2021;47,29;0,2;4405;4,79;3,09;0,64;0,48;5,4;29,15;112,71;13,91;14,98;65975;128068;405,16;45800,07
82;2022;48,09;0,2;4485;4,82;4,82;0,62;0,47;5,31;29,34;112,84;;14,91;66868;113880;406,78;46048,02
83;2018;22,81;0,18;4519;0;0;2,83;0,02;6,13;22,06;108,81;12,72;17,06;77109;67130;373,53;40769,43
83;2019;30,69;0,15;4519;0;0;2,83;0,02;6,13;22,06;108,81;11,84;15,8;71386;89685;384,74;41992,48
83;2020;37,27;0,11;4516;0;0;2,77;0,02;6,13;21,99;108,71;11,65;15,88;71731;97562;396,41;43262,16
83;2021;37,27;0,11;4516;0;0;2,77;0,02;6,13;21,99;108,71;11,71;15,88;71731;97562;396,41;43262,16
83;2022;37,28;0,11;4515;0;0;2,75;0,02;6,14;21,97;108,64;;15,86;71586;96276;396,51;43267,44
84;2018;40,17;0,52;4000;8,08;0,92;3,28;2,55;5,78;30,48;113,27;14,19;14,93;59724;304992;403,95;46025,83
84;2019;45,22;0,7;4018;8,46;1,34;3,83;2,54;5,9;30,44;113,21;14,3;14,9;59861;303192;415,23;47314,15
84;2020;51,04;0,49;4071;9,63;1,69;4,79;2,53;5,85;31,32;114,04;14,55;15;61060;302215;428,61;49191,54
84;2021;52,18;0,48;4180;11,99;4,26;6;2,46;5,69;32,06;114,66;14,93;15,08;63052;289187;429,68;49566,95
84;2022;53,02;0,47;4257;11,65;5,99;7,87;2,42;5,59;33;115,04;;15;63875;278244;430,63;49850,54
85;2018;23,91;10,61;1715;5,83;0;20,52;4,66;20,87;23,67;102,66;14,93;13,12;22508;73576;364,99;38476,55
85;2019;25,48;10,2;1715;5,19;0;22,27;4,66;20,87;23,67;102,66;14,71;13,12;22508;71899;375,94;39630,85
85;2020;28,98;9,33;1715;4,14;0;22,62;4,66;20,87;23,67;102,67;14,47;13,12;22508;72008;387,32;40832,17
85;2021;28,93;9,31;1718;0;0;28,35;4,66;20,84;23,63;102,68;14,18;13,1;22508;72008;387,19;40818,17
85;2022;28,92;9,29;1722;0;0;29,38;4,76;20,91;23,69;102,77;;12,99;22370;72008;387,13;40849,83
91;2018;30,96;7,96;7767;2,25;0,01;38,51;2,45;22,24;26,15;104,58;17,39;13,44;104364;15539;365,98;39653,6
91;2019;32,11;6,87;7768;0,9;0,01;40,54;2,46;22,32;26,16;104,57;17,45;13,53;105066;15539;376,94;40836,69
91;2020;33,03;5,92;7756;0,43;0,01;44,09;2,44;22,24;26,21;104,62;16,95;13,59;105366;15342;388,46;42098,02
91;2021;33,03;5,93;7757;0,17;0;48,98;2,45;22,28;26,21;104,61;16,89;13,58;105366;15560;388,45;42093,31
91;2022;33,41;5,87;7800;0,36;0,35;50,99;2,42;22,1;26,31;104,83;;13,9;108439;15187;388,68;42190,28
92;2018;14,89;9,52;7616;1,26;0;23,77;1,52;16,11;18,59;102,69;11,02;10,57;80492;26517;333,7;35252,43
92;2019;16,5;8,74;7618;0,87;0;25,1;1,52;16,12;18,59;102,67;10,81;10,48;79863;26517;343,71;36302,29
92;2020;17,94;8,04;7615;0;0;27,98;1,52;16,13;18,57;102,66;10,83;10,48;79827;28148;354,06;37391,14
92;2021;17,94;8,04;7615;0;0;31,08;1,52;16,13;18,57;102,66;10,77;10,48;79827;28148;354,06;37391,14
92;2022;17,92;8,04;7616;0;0;35,64;1,52;16,12;18,57;102,64;;10,41;79266;28148;354,06;37383,79
93;2018;15,53;23,73;2866;1,01;0;30,11;1,85;26,06;23,27;104,34;18,57;18,48;52970;36720;307,67;33380,4
93;2019;15,63;23,27;2866;1,01;0;30,11;1,85;26,06;23,27;104,34;18,65;18,54;53145;36799;316,9;34381,81
93;2020;17,27;22,39;2867;0;0;30,97;1,88;26,09;23,26;104,42;18,67;18,54;53145;96519;326,14;35396,89
93;2021;17,28;22,35;2864;0;0;30,94;1,85;26,05;23,25;104,43;18,68;18,56;53145;97450;326,42;35425,12
93;2022;17,28;22,35;2864;0;0;34,85;1,85;26,05;23,25;104,41;;18,56;53145;97611;326,3;35412,87
95;2018;21,38;5,65;1876;0,8;0;13,33;0,32;15,57;27,08;105,78;20,33;18,12;33993;216702;339,19;36146,53
95;2019;22,17;5,28;1876;0,8;0;13,33;0,32;15,57;27,08;105,76;20,05;18,14;34022;197272;349,34;37217,84
95;2020;22,23;4,21;1876;0;0;13,65;0,32;15,57;27,08;105,76;19,84;18,14;34022;197272;359,82;38334,37
95;2021;22,23;4,21;1876;0;0;15,14;0,32;15,57;27,08;105,76;19,55;18,14;34022;151041;359,82;38334,37
95;2022;22,23;4,21;1876;0;0;18,55;0,32;15,57;27,08;105,76;;18,14;34022;150376;359,72;38317,06
101;2018;20,72;10,27;9717;0,49;0;48,72;3,58;22,31;24,15;102,85;11,55;9,14;88809;5913;338,47;35966,46
101;2019;22,79;8,95;9719;0,03;0;55,28;3,59;22,33;24,14;102,83;11,71;9,26;89958;5913;348,55;37027,01
101;2020;24,62;7,94;9723;0,03;0;58,41;3,6;22,34;24,14;102,83;11,74;9,26;90000;6110;358,98;38132,35
101;2021;24,62;7,91;9720;0,01;0;65,21;3,55;22,33;24,14;102,84;11,75;9,26;90000;6286;359,09;38144,86
101;2022;24,65;7,9;9730;0,01;0;67,36;3,55;22,3;24,16;102,88;;9,26;90106;6286;359,12;38159,35
102;2018;20,27;13,7;5969;1,89;0,65;42,94;2,66;28,65;16,95;98,38;11,66;9,03;53903;15688;336,91;34212,88
102;2019;22,16;11,99;5971;1,37;0,64;50,06;2,66;28,64;16,97;98,38;11,65;9,04;53996;16306;347;35239,8
102;2020;24,24;10,88;5995;1,15;1;51,93;2,65;28,54;17,26;98,5;11,62;9,01;54022;16082;358,12;36428,13
102;2021;24,25;10,8;5991;1,08;0,98;58,47;2,6;28,49;17,28;98,52;11,87;9,27;55520;15554;358,29;36448,28
102;2022;24,37;10,76;6024;1,48;1,16;62,33;2,61;28,42;17,43;98,63;;9,25;55733;15195;358,64;36509,59
103;2018;26,55;1,94;9870;1,7;0,02;2,93;0,71;9;21,01;107,55;14,84;15,82;156149;799195;372,04;40119,73
103;2019;30,06;1,73;9824;1,71;0,01;4,25;0,7;9,02;20,77;106,94;14,73;15,92;156423;586900;382,89;41220,33
103;2020;33,44;1,57;9829;1,72;0,02;6,55;0,7;9,01;20,82;107,01;14,69;15,94;156705;579872;394,41;42495,64
103;2021;33,93;1,53;10038;3,75;2,07;10,45;0,7;8,84;22,1;108,23;17,27;18,32;183860;731115;393,89;42841,55
103;2022;34,78;1,49;10386;5,95;5,34;16,48;0,68;8,56;24,03;109,19;;18,29;190008;724329;392,67;43032,45
104;2018;8,76;11,3;1416;3,11;2,97;19,84;0,92;18,71;15,96;103,82;6,39;6,17;8735;51941;276,76;28822,04
104;2019;9,96;9,53;1416;3,11;0,42;28,81;0,92;18,71;15,96;103,82;7,8;7,74;10956;51941;285,05;29686,69
104;2020;10,24;8,4;1416;3,04;0,07;38,98;0,92;18,71;15,96;103,82;7,68;7,74;10956;52109;293,61;30577,29
104;2021;10,26;8,42;1413;2,97;0,07;50,11;0,92;18,75;15,85;103,68;7,6;7,75;10956;52681;293,9;30587,28
104;2022;13,2;8,34;1462;6,16;3,28;57,46;0,89;18,13;18,54;108,01;;8,19;11980;48711;297,35;32745,3
105;2018;4,44;8,45;3266;0;0;10,2;0,28;9,37;6,15;96,9;4,03;4,28;13992;19396;327,34;32045,25
105;2019;5,36;8,08;3266;0;0;10,2;0,28;9,37;6,15;96,9;4,37;4,69;15306;19396;337,16;33006,61
105;2020;5,82;7,1;3266;0;0;10,2;0,28;9,37;6,15;96,9;4,4;4,69;15306;19396;347,28;33996,8
105;2021;5,82;7,1;3266;0;0;10,2;0,28;9,37;6,15;96,9;4,36;4,69;15306;44233;347,28;33996,8
105;2022;5,82;7,1;3266;0;0;10,2;0,28;9,37;6,15;96,9;;4,69;15306;44233;347,28;33996,81
106;2018;39,65;17,48;1579;29,83;0,7;41,55;4,37;19,19;57;153,97;30,19;24,4;38526;521622;335,58;46702,72
106;2019;41,04;16,97;1579;28,88;0,7;41,67;4,37;19,19;57;153,99;23,68;20,17;31843;519534;345,42;48000,16
106;2020;44,25;15,65;1636;19,74;3,73;40,1;4,1;18,22;56,72;153,23;23,92;19,86;32488;517220;369,19;50892,55
106;2021;44,17;15,64;1637;13,74;3,73;44,17;4,09;18,2;56,63;152,9;23,24;19,85;32488;514285;369,36;50859,97
106;2022;47,58;14,55;1759;18,76;10,35;45,14;4,09;17,34;55,14;150,43;;20,99;36924;493151;386,46;52331,81
107;2018;70,56;0;3682;13,42;2,34;0;5,89;15,64;48,89;118,13;60,55;44,43;163609;113178;504,39;59934,27
107;2019;74,08;0;3792;14,24;2,9;0;5,78;15,51;49,45;118,48;54;40,93;155206;98703;521,96;62217,45
107;2020;76,05;0;3791;12,48;2,9;0;5,78;15,4;49,43;118,5;53,26;40,94;155206;88903;537,39;64073,16
107;2021;76,04;0;3789;10,08;2,9;0;5,78;15,41;49,41;118,49;51,6;41,32;156555;89753;537,39;64066,94
107;2022;77,11;0;3966;9,86;7,24;0;5,52;14,73;50,88;119,5;;39,84;158019;84284;540,5;65009,48
111;2018;23,41;11,93;4643;1,92;0;34,03;4,78;23,99;21,11;102,3;14,31;12,59;58456;206320;345,68;36110,63
111;2019;25,48;10,69;4650;1,1;0,17;34,58;4,95;24,13;21,08;102,18;13,8;12,16;56522;205156;356,37;37186,23
111;2020;27,81;9,66;4650;0,77;0,17;36,43;4,95;24,15;21,1;102,17;13,84;12,16;56522;301085;367,08;38301,79
111;2021;27,93;8,89;4600;0,37;0,17;41,17;4,83;23,54;21,22;102,41;14,07;12,62;58070;240108;368,59;38506,96
111;2022;28,92;8,63;4738;3,31;2,95;40,14;4,73;23,41;21,61;102,66;;12,57;59545;236139;372,58;39037,29
112;2018;10,59;42,29;11655;1,51;0,09;66,3;14,47;43,05;15,74;93,98;7,21;4,73;55145;81052;258,92;25564,94
112;2019;11,32;39,64;11660;0,95;0,15;67,74;14,51;43,05;15,72;93,89;7,34;4,81;56136;82860;267;26361,18
112;2020;11,89;37,84;11641;0,82;0,32;68,39;14,49;43,05;15,67;93,89;7,35;4,81;56040;85558;275,51;27230,08
112;2021;11,96;37,76;11639;0,75;0,35;72,3;14,46;42,98;15,71;93,97;7,18;4,82;56086;85711;275,78;27286,89
112;2022;12,02;37,73;11677;0,67;0,54;74,31;14,59;43,14;15,63;93,8;;4,82;56237;82137;276,49;27300,56
113;2018;8,77;29,2;6784;1,67;0;30,85;3,04;35,97;12,04;96,47;7,11;6,01;40764;64081;290,36;29850,04
113;2019;9,98;28,32;6786;0,65;0;33,07;3,04;35,96;12,04;96,48;7,35;6,24;42368;64023;299,07;30745,95
113;2020;10,98;27,39;6787;0,49;0,01;34,9;3,04;35,97;12,04;96,49;7,37;6,24;42368;64029;308,09;31686,57
113;2021;10,98;27,39;6787;0,03;0,01;39,41;3,04;35,97;12,04;96,49;7,34;6,24;42368;59255;308,11;31687,53
113;2022;11,72;27,14;6849;0,88;0,88;41,29;3,02;35,68;12,78;97,05;;6,28;43025;56643;309,16;32009,12
114;2018;35,07;17,55;3807;3,15;0;20,59;2,6;20,65;24,19;102,81;11,29;10,03;38178;10758;358,01;38221,49
114;2019;39,45;17,35;3805;2,13;0;22;2,58;20,6;24,2;102,83;10,71;10,03;38178;10899;368,89;39385,55
114;2020;41,85;15,07;3802;1,55;0;21,99;2,55;20,54;24,22;102,87;10,86;10,04;38178;11041;379,92;40580,41
114;2021;41,85;15,07;3802;0,03;0;25,33;2,55;20,54;24,22;102,87;11,32;10,04;38178;11041;379,92;40580,41
114;2022;41,84;15,07;3803;0,03;0;27,24;2,55;20,54;24,22;102,87;;10,04;38178;11041;379,92;40578,98
115;2018;6,32;33,97;2976;2,08;0,2;46,74;10,72;36,46;13,31;96,45;2,7;2,35;6999;80488;254,72;25044,89
115;2019;7,5;31,87;2975;1,82;0,17;49,95;10,76;36,5;13,31;96,43;2,71;2,35;7003;196420;262,34;25789,01
115;2020;8,51;29,7;2973;0,71;0,17;52,51;10,76;36,46;13,35;96,48;2,63;2,35;6989;196857;270,33;26586,91
115;2021;8,52;29,68;2968;0,61;0,1;63,44;10,75;36,46;13,27;96,45;2,61;2,35;6989;197851;270,5;26603,73
115;2022;8,52;29,63;2970;0,47;0,07;69,26;10,81;36,5;13,27;96,42;;2,35;6989;197895;270,63;26605,47
121;2018;19,03;13,89;11791;1,09;0,02;40,35;3,46;28,05;13,93;97,07;12,6;10,49;123653;14254;338,59;33962,21
121;2019;21,17;12,02;11793;0,62;0;43,48;3,47;28,06;13,92;97,06;12,5;10,49;123713;14254;348,75;34976,9
121;2020;23,52;9,97;11797;0,45;0;44,27;3,49;28,08;13,86;97,04;12,45;10,49;123713;14254;359,19;36017,88
121;2021;23,83;10,01;11844;0,35;0,34;46,7;3,52;28,01;14,05;97,18;12,38;10,47;123984;17137;359,59;36120,03
121;2022;23,84;9,99;11845;0,35;0,34;48,38;3,54;28;14,06;97,21;;10,47;123984;18237;359,63;36135,21
122;2018;23,96;8,18;4558;0,22;0,02;31,68;3,8;21,33;31,83;105,63;23,01;18,02;82136;3731;360,43;39078,29
122;2019;26,11;7,15;4558;0,22;0,02;32,82;3,8;21,37;30,43;105,45;22,75;18,18;82842;3731;371,78;40247,14
122;2020;33,02;6,29;4579;0,66;0,44;35,2;3,78;21,27;30,55;105,51;22,61;18,17;83218;2973;383,28;41514,17
122;2021;33,02;6,29;4579;0,46;0,44;41,1;3,78;21,27;30,55;105,52;22,7;18,29;83769;2973;383,28;41516,8
122;2022;32,99;6,31;4583;0,46;0,44;43,05;3,84;21,32;30,53;105,48;;18,28;83769;3433;383,3;41501,51
123;2018;17,67;8,74;7115;2,04;0;36,96;2,99;32,64;11,47;94,16;16,13;12,88;91631;54489;345,45;33389,59
123;2019;19,12;7,21;7112;0,65;0;40,65;3,02;32,61;11,47;94,15;15,98;12,93;91969;54658;355,94;34402,3
123;2020;21,58;5,76;7113;0,65;0;43,6;3,02;32,6;11,47;94,14;15,96;12,86;91472;54693;366,61;35429,95
123;2021;21,59;5,71;7110;0;0;48,05;3,04;32,56;11,48;94,15;15,81;12,87;91472;55043;366,73;35442,68
123;2022;21,56;5,72;7120;0,14;0,14;49,42;3,2;32,67;11,46;94,08;;12,85;91472;54075;367;35431,3
124;2018;31,82;22,28;2294;0,04;0;47,17;4,27;31,12;24,24;101,56;10,22;10,36;23776;20591;369,88;39821,14
124;2019;35,05;19,35;2294;0,04;0;47,6;4,27;31,12;24,24;101,56;10,94;10,37;23797;20591;380,97;41015,77
124;2020;38,26;16,75;2292;0,04;0;48,43;4,28;31,15;24,3;101,62;10,6;10,38;23797;20717;392,53;42281,8
124;2021;38,4;16,46;2284;0;0;50,35;4,29;30,91;24,43;101,7;10,44;10,42;23797;20717;393,24;42397,15
124;2022;38,38;16,46;2285;0,04;0,04;54,31;4,29;30,94;24,42;101,68;;10,41;23797;20499;393,41;42406,91
125;2018;93,15;0,22;5899;3,15;0,83;4,24;1,95;6,02;71;134,85;73,16;58,23;343474;117229;667,68;90641,57
125;2019;93,42;0,22;5899;2,19;0,83;4,24;1,95;6,02;70,98;134,84;71,4;58,17;343147;117227;687,74;93360,56
125;2020;93,81;0,22;5932;2,04;0,56;4,21;1,94;5,98;71,14;135,07;71,02;58,18;345099;114738;708,35;96314,54
125;2021;93,95;0,21;6071;3,66;2,85;4,12;1,89;5,85;71,44;135,38;69,12;57,08;346553;111516;711,46;97002,12
125;2022;93,98;0,21;6095;4,02;3,22;4,1;1,89;5,82;71,55;135,73;;56,94;347074;111516;710,84;97107,59
131;2018;18,1;4,29;4193;0;0;24,16;2,29;12,04;15,24;102,01;12,52;11,34;47535;0;337,71;35225,52
131;2019;19,53;3,94;4193;0;0;24,16;2,29;12,04;15,26;102,01;10,53;9,49;39810;0;347,84;36284,94
131;2020;22,72;3,62;4194;0;0;25,82;2,29;12,04;15,26;101,99;10,56;9,49;39810;0;358,25;37365,09
131;2021;22,72;3,62;4194;0;0;27,21;2,29;12,04;15,26;101,99;10,68;9,49;39810;0;358,25;37365,09
131;2022;22,72;3,62;4195;0;0;34,16;2,29;12,04;15,26;101,99;;9,49;39810;0;358,25;37362,88
132;2018;39,52;0,23;7090;0;0;4,08;3,03;9,13;28,15;109,29;14,22;11,78;83497;14937;419,05;46084,71
132;2019;43,2;0,23;7090;0;0;4,41;3,03;9,13;28,05;109,29;14,01;11,57;82002;14937;431,63;47467,63
132;2020;46,7;0,23;7090;0;0;5,09;3,03;9,13;28,05;109,29;14,13;11,57;82002;15530;444,58;48891,66
132;2021;46,7;0,23;7090;0;0;8,19;3,03;9,13;27,87;109,28;14,28;11,57;82002;15602;444,62;48891,85
132;2022;46,7;0,23;7090;0;0;9,9;3,03;9,13;27,87;109,28;;11,57;82002;15602;444,62;48891,85
133;2018;29,33;7,63;4013;0;0;40,62;4,98;30,35;20,28;99,4;11,4;8,43;33846;199;364,6;37535,13
133;2019;31,41;6,1;4015;0;0;41,15;4,98;30,34;20,27;99,4;11,05;8,11;32546;199;375,55;38661,44
133;2020;32,92;5,05;4019;0;0;45,53;4,98;30,33;20,25;99,38;11,16;8,1;32546;199;386,78;39809,74
133;2021;32,92;5,05;4019;0;0;47,95;5;30,36;20,25;99,36;11,06;8,1;32546;199;386,82;39805,74
133;2022;32,92;5,05;4019;0;0;49,84;5;30,36;20,25;99,36;;8,1;32546;199;386,82;39805,74
134;2018;63,07;0,03;3247;0;0;17,31;2,4;6,99;48,6;122,37;22,27;18,84;61187;1121;459,08;56147,64
134;2019;67,72;0,03;3247;0;0;17,31;2,4;6,99;48,6;122,36;22,6;18,84;61187;1121;472,86;57832,15
134;2020;69,85;0,03;3247;0;0;20,79;2,4;6,99;48,6;122,36;22,65;18,84;61187;1121;487,07;59567,03
134;2021;69,85;0,03;3247;0;0;27,72;2,4;6,99;48,6;122,36;22,54;18,84;61187;1121;487,07;59567,03
134;2022;69,86;0,03;3248;0;0;28,88;2,4;6,99;48,61;122,38;;18,84;61187;1121;487,04;59572,01
135;2018;67,3;0,79;1896;0;0;2,37;5,75;9,92;43,51;124,18;57,91;56,17;106491;121989;451,27;55200,39
135;2019;70,36;0,79;1896;0;0;2,37;5,75;9,92;43,51;124,18;72,09;64,14;121618;120727;464,81;56857,96
135;2020;71,5;0,74;1895;0;0;2,32;5,75;9,92;43,48;124,11;71,89;62,74;118900;120727;478,95;58580,93
135;2021;71,52;0,74;1896;0;0;2,37;5,75;9,92;43,51;124,33;70,82;62,71;118900;120727;478,87;58644,94
135;2022;71,52;0,74;1896;0;0;2,37;5,75;9,92;43,51;124,35;;62,48;118459;120925;478,94;58664,28
141;2018;30,74;12,1;12872;1,35;0,08;30,48;2,96;24,67;20,07;103,92;15,73;12,33;158718;4365;377,46;41072,19
141;2019;32,61;11,12;12878;1,08;0,07;33,63;3,02;24,66;20,06;103,93;15,82;12,56;161734;4365;388,87;42317,32
141;2020;34,8;10,28;12879;0,73;0,08;36,47;3,02;24,66;20,06;103,92;16,14;12,54;161473;4365;400,6;43587,12
141;2021;34,9;10,25;12892;0,67;0,2;40,92;3,03;24,61;20,17;104,03;15,62;12,54;161700;4394;400,86;43668,26
141;2022;34,91;10,24;12903;0,5;0,19;43,07;3,02;24,64;20,19;104,01;;12,54;161747;4648;400,95;43673,55
142;2018;39,73;0,48;2487;0;0;1,25;1,01;2,09;30,88;121,04;18,4;18,57;46175;177161;405,58;48419,99
142;2019;45,48;0,48;2487;0;0;1,25;1,01;2,09;30,88;121,04;18,43;18,57;46175;172699;417,77;49872,58
142;2020;50,26;0,48;2487;0;0;1,25;1,01;2,09;30,88;121,04;18,15;18,57;46175;172719;430,35;51384,69
142;2021;50,14;0,6;2493;0;0;1,52;1;2,13;30,97;121,14;18,2;18,52;46175;172719;429,7;51322,26
142;2022;50,14;0,6;2493;0;0;1,52;1;2,13;30,97;121,14;;18,52;46175;172723;429,7;51322,26
151;2018;7,65;33,65;7638;1,61;0,01;53,97;11,69;51,61;8,24;86,54;7,32;5,74;43811;15792;289,56;26015,61
151;2019;8,49;30,84;7637;0,59;0;54,18;11,82;51,62;8,25;86,55;7,15;5,74;43856;15792;298,27;26799,59
151;2020;10,38;29,03;7638;0,55;0;58,54;11,84;51,62;8,25;86,53;7,14;5,74;43856;15821;307,22;27600,26
151;2021;10,39;29,03;7640;0,39;0;64,93;11,85;51,62;8,26;86,52;7,12;5,74;43856;16177;307,25;27595,32
151;2022;10,39;29,06;7640;0,01;0;69,96;11,86;51,65;8,22;86,44;;5,74;43856;17272;307,26;27593,42
152;2018;13,54;15,01;11629;4,74;0,64;28,44;4,64;26,61;16,35;97,98;10,3;9,36;108860;65661;307,97;31011,82
152;2019;15,29;13,72;11629;2,4;0,64;30,92;4,64;26,61;16,35;97,98;10,19;9,35;108720;65656;317,19;31938,07
152;2020;16,7;12,21;11628;1,01;0,65;35,32;4,66;26,65;16,33;97,94;10,03;9,28;107959;65836;326,69;32880,64
152;2021;16,69;12,21;11639;0,93;0,1;38,55;4,68;26,65;16,32;97,93;9,94;9,28;108068;65443;326,79;32885,34
152;2022;16,68;12,22;11635;0,86;0,1;42,2;4,68;26,66;16,3;97,93;;9,29;108118;65832;326,76;32883,09
153;2018;71,85;0,04;4646;1,7;0;0,58;2,78;9,1;50,28;122,86;43,61;38,59;179271;94054;508,25;62944,03
153;2019;75,33;0,04;4681;0,77;0,77;0,58;2,76;9,08;50,07;122,74;39,11;35,32;165356;92471;523,77;64808,85
153;2020;78,44;0,04;4681;0,77;0,77;0,58;2,76;9,08;50,27;122,92;38;35,32;165356;92469;538,97;66754,56
153;2021;78,43;0,04;4682;0,77;0,77;1,11;2,76;9,08;50,28;122,95;37,55;35,32;165356;92113;538,87;66745,56
153;2022;78,98;0,04;4806;3,33;3,33;2,08;2,68;8,84;49;122,65;;34,7;166759;89633;541;66802,46
161;2018;28,85;12,55;18781;9,81;0,31;21,47;4,27;23,18;22,23;102,63;16,62;14,6;274219;282995;368,56;39160,77
161;2019;30,42;11,72;18779;6,95;0,31;23,37;4,27;23,24;22,23;102,63;16,2;14,54;272999;268471;379,63;40336,39
161;2020;32,33;10,76;18843;4;0,34;24,82;4,27;23,18;22,4;102,75;16,13;14,68;276641;263419;391,17;41609,69
161;2021;32,72;10,7;18968;3,2;0,99;28,08;4,26;23,07;22,85;103,29;15,98;14,69;278558;257383;391,54;41874,92
161;2022;33,69;10,54;19266;3,5;2,5;31,17;4,2;22,72;23,86;103,87;;14,71;283364;246471;393,46;42358,43
162;2018;9,69;12,59;2590;0;0;13,9;0,27;51,24;8,49;88,68;5,68;5,43;14076;25869;297,46;27118,72
162;2019;9,69;10,11;2591;0;0;18,06;0,27;51,25;8,49;88,67;5,6;5,44;14103;25209;306,37;27928,82
162;2020;10,15;9,92;2592;0;0;43,52;0,27;51,27;8,49;88,65;5,49;5,44;14103;25209;315,54;28760,59
162;2021;10,14;9,95;2593;0;0;57,77;0,27;51,29;8,48;88,65;5,48;5,44;14103;25209;315,5;28756,15
162;2022;10,13;12,29;2595;0;0;57,8;0,27;51,33;8,48;88,61;;5,43;14103;25209;314,6;28683,06
171;2018;39,55;4,14;531;4,33;0,56;32,02;0,56;4,14;72,13;173,9;10,56;11,38;6042;16340;280,76;46046,94
171;2019;41,71;4;525;4,19;0,38;32,57;0,38;3,81;72,57;174,02;10,28;11,51;6042;15885;290,35;47705,41
171;2020;44,68;3,61;526;1,33;0,19;32,7;0,38;3,8;72,43;174,16;10,19;11,49;6042;11616;299,01;49172,04
171;2021;44,42;3,59;529;1,32;0;40,83;0,38;3,97;72,02;173,73;10,17;11,42;6042;15507;299,1;49066,26
171;2022;44,8;3,59;529;0,95;0;41,02;0,38;3,97;72,02;173,85;;11,94;6317;15496;299,07;49097,93
172;2018;20,37;24,9;486;0,82;0,21;44,03;1,65;34,16;41,36;175,51;7,26;7,26;3529;56323;223,88;34890,69
172;2019;20,25;13,02;484;0,62;0,21;44,63;1,24;33,88;41,32;175,12;7,05;7,18;3475;56666;229,76;35657,75
172;2020;21,78;9,34;482;0,62;0;44,4;1,24;34,02;41,08;174,15;6,95;7,15;3447;56666;237,33;36742,51
172;2021;21,77;9,65;487;0,62;0;76,59;1,64;34,09;41,27;174,22;6,99;7,08;3447;56666;237,45;36669,04
172;2022;21,97;9,65;487;0,41;0,21;77;1,64;34,09;41,27;174,2;;7,16;3485;55578;238,43;36942,32
173;2018;25,77;17,87;582;2,06;0,17;43,99;1,37;7,9;48,63;173,19;6,18;7,18;4177;28816;236,89;40851,12
173;2019;26,63;17,18;582;1,37;0;43,99;1,37;8,59;48,63;173,16;6,04;7,18;4177;28816;243,62;41916,22
173;2020;27,63;16,41;579;1,04;0;44,04;1,38;8,64;48,36;173,05;6,11;7,21;4177;28816;250,53;43066
173;2021;27,84;16,32;582;1,03;0,17;55,33;1,37;8,59;48,63;174,03;6,12;7,32;4263;28672;250,89;43355,87
173;2022;27,96;16,3;583;0,69;0,34;55,57;1,37;8,58;48,71;174,26;;7,45;4341;28672;251,18;43503,15
174;2018;11,76;39,5;238;2,52;0;56,72;1,26;26,47;33,19;150,61;10,43;6,26;1491;18587;185,21;26707,36
174;2019;12,29;37,71;236;1,27;0;57,2;1,27;26,69;33,47;151,01;9,09;5,66;1336;18587;189,29;27300,29
174;2020;11,91;36,17;235;1,28;0;57,45;1,28;26,81;33,19;150,03;8,24;6,34;1491;18587;193,97;27544,49
174;2021;11,39;35,86;237;1,69;0;83,12;1,27;26,58;32,91;149,64;7,97;6,29;1491;18587;194,57;27393,83
174;2022;11,39;35,86;237;0,84;0;83,12;1,27;26,58;32,91;149,64;;6,29;1491;18587;194,57;27393,83
175;2018;9,21;36,84;76;2,63;0;88,16;1,32;5,26;81,58;182,68;12,06;2,54;193;402;146,25;24926,75
175;2019;9,72;37,5;72;0;0;91,67;1,39;4,17;86,11;187,79;12,06;2,68;193;402;144,3;25786,7
175;2020;9,59;30,14;73;0;0;90,41;1,37;4,11;84,93;186,53;11,35;2,64;193;466;152,27;26739,25
175;2021;10;28,57;70;0;0;87,14;1,43;4,29;82,86;184,34;10,72;2,76;193;466;154,9;26499,68
175;2022;11,27;28,17;71;1,41;1,41;85,92;1,41;4,23;83,1;184,65;;2,72;193;402;157,25;27061,77
176;2018;52,13;7,75;1182;9,03;5,79;22,66;0,43;3,41;72,66;197,48;50,02;42,49;50219;136758;334,28;70895,69
176;2019;55,97;7,08;1180;6,4;0,09;22,95;0,34;3,24;72,78;197,73;48,17;42,62;50290;136758;344,48;73117,33
176;2020;59,76;6,82;1181;6,39;0,17;23,1;0,34;3,24;72,8;197,79;46,98;42,48;50173;136947;355,05;75361,72
176;2021;59,86;6,89;1184;6,21;0,34;27,13;0,43;3,4;72,7;197,62;45;42,38;50173;137652;355,39;75391,05
176;2022;60,02;6,88;1186;6,45;0,68;26,91;0,42;3,31;72,84;197,64;;42,3;50173;136526;355,68;75592,53
177;2018;25,5;10,64;404;4,7;0,5;41,58;0,99;7,18;61,88;181,63;6,34;6,34;2563;23114;239,17;40852,28
177;2019;28;10;400;4,25;0,5;43;0,75;7;62,5;182,62;6,25;6,25;2500;23114;245,68;42249,74
177;2020;30,25;9,75;400;3,5;0,25;43;0,75;7;62,5;182,6;6,3;6,41;2563;23114;253,12;43522,93
177;2021;29,95;9,65;404;0,74;0,25;48,27;0,99;7,18;61,88;181,62;6,3;6,34;2563;23114;253,8;43345,82
177;2022;29,95;9,65;404;0,74;0;48,51;0,99;7,18;62,13;181,72;;7,28;2941;23114;253,73;43358,65
181;2018;14,79;24,44;6517;4,48;0,12;29,37;5,11;24,34;29,29;114,58;30,52;27,61;179932;184659;281,08;33290,14
181;2019;16,33;23,25;6517;3,35;0,09;30,32;5,11;24,32;29,32;114,65;30,31;27,88;181709;184748;289,69;34330,59
181;2020;18,74;21,53;6520;2,48;0,09;32,25;5,11;24,31;29,31;114,62;29,85;27,77;181078;185487;298,45;35362,43
181;2021;18,73;21,55;6520;0,92;0,05;36,44;5,11;24,33;29,29;114,6;29,19;27,77;181078;186978;298,49;35361,31
181;2022;18,73;21,54;6524;0,32;0,08;40,44;5,12;24,31;29,32;114,59;;27,9;182000;187576;298,53;35369,19
182;2018;61,42;1,97;508;20,87;0,2;7,28;1,18;1,97;62,6;177,88;72,55;78,97;40118;54602;361,07;63696,07
182;2019;62,01;1,97;508;20,87;0,2;7,28;1,18;1,97;62,6;177,88;69,65;78,97;40118;44245;371,9;65606,94
182;2020;64,96;1,97;508;20,87;0,2;7,28;1,18;1,97;62,6;177,88;67,65;78,97;40118;40516;383,07;67576,5
182;2021;64,96;1,97;508;1,38;0,2;7,28;1,18;1,97;62,6;177,88;68,11;78,97;40118;50791;383,07;67576,5
182;2022;64,96;1,97;508;0,2;0,2;7,28;1,18;1,97;62,6;177,9;;78,97;40118;50791;383,08;67586,68
191;2018;13,8;13,65;653;0;0;22,85;1,23;4,91;33,13;130,65;11,57;16,94;11065;102585;216,85;28236
191;2019;14,42;12,27;653;0;0;22,85;1,23;4,91;33,13;130,62;12,42;17,51;11437;102585;223,44;29083,09
191;2020;16,77;8;651;0;0;22,62;1,23;4,92;32,92;130,47;12,17;17,57;11437;102643;230,8;30020,78
191;2021;16,77;8;651;0;0;27,85;1,23;4,92;32,92;130,47;12,76;17,57;11437;102725;230,83;30024,43
191;2022;16,92;8;651;0;0;60,15;1,23;4,92;33,08;130,4;;17,73;11542;104414;230,45;29859,62
192;2018;20,39;11,28;3306;1,78;0,21;36,93;1,36;10,16;41,62;142,44;6,34;7,24;23922;110272;268;37852,64
192;2019;22,37;10,07;3308;0,88;0,18;37,58;1,39;10,19;41,63;142,26;6,4;7,28;24096;110215;276;38931,66
192;2020;25,02;8,34;3310;0,82;0,12;43,9;1,42;10,21;41,63;142,24;6,4;7,31;24198;110474;284,26;40097,44
192;2021;24,96;8,3;3313;0,72;0,06;49,77;1,42;10,23;41,62;142,2;6,41;7,32;24252;110334;284,25;40088,18
192;2022;25,01;8,27;3315;0,42;0,03;51,98;1,42;10,23;41,63;142,22;;7,36;24388;109780;284,37;40110,34
193;2018;23,78;10,92;1291;2,32;0,15;27,42;1,7;13,4;41,98;134,18;5,7;6,31;8142;30264;284,94;38076,86
193;2019;24,44;10,33;1297;2,24;0,15;29,07;1,77;13,49;42,02;133,69;5,6;6,22;8071;30348;293;39006,01
193;2020;26,35;9,32;1298;0,77;0,08;28,97;1,77;13,48;42,06;133,94;5,76;6,34;8230;30392;301,96;40289,11
193;2021;26,23;9,46;1300;0,46;0;33,08;1,92;13,62;42;133,8;5,82;6,38;8292;30309;301,75;40227,03
193;2022;26,31;9,46;1300;0,38;0;33,85;1,92;13,62;42;133,86;;6,38;8292;30354;301,88;40270,93
194;2018;40,6;6,22;2074;0,39;0;8,2;1,45;14,18;43,44;117,8;47,29;19,18;39769;2834;389,93;47135,21
194;2019;42,21;5,64;2073;0,39;0;9,26;1,45;14,18;43,46;117,81;46;19,15;39697;2834;401,71;48563
194;2020;51,5;5,21;2072;0,39;0;10,76;1,45;14,19;43,1;117,53;46;19,16;39697;2834;413,87;49878,51
194;2021;51,5;5,21;2072;0;0;13,27;1,45;14,19;43,1;117,53;44,5;19,16;39697;2834;413,87;49878,51
194;2022;51,5;5,21;2072;0;0;13,66;1,45;14,19;43,1;117,5;;19,16;39697;2834;413,95;49869,04
195;2018;29,06;18,16;413;4,12;0;60,05;5,08;13,8;56,66;158,36;2,59;2,73;1129;11250;252,66;41880,5
195;2019;30,36;17,11;415;2,89;0,24;62,65;5,06;13,73;56,14;157,73;2,62;2,72;1129;11392;260,71;42969,66
195;2020;31,81;15,42;415;2,89;0,24;62,41;5,06;13,25;56,14;157,63;2,67;2,76;1147;11392;269,25;44304,13
195;2021;31,65;15,35;417;2,88;0,24;62,83;5,04;13,19;55,64;157,24;2,63;2,79;1163;11389;270,48;44372,41
195;2022;31,82;15,31;418;3,11;0,48;63,16;5,02;13,16;55,74;157,29;;2,78;1163;11389;270,65;44414,14
196;2018;28,91;5,88;4538;0,07;0;26,84;8,04;23,31;24,7;108,72;107,48;13,69;62121;90068;397,15;44635,41
196;2019;30,45;5,53;4538;0,04;0;37,55;8,04;23,42;24,7;108,7;106,16;13,71;62212;90997;409;45945,15
196;2020;32,05;5,16;4537;0,04;0;39,3;8,04;23,8;24,71;108,7;101,99;13,71;62212;90143;421,45;47359,77
196;2021;32,4;5,13;4562;0,57;0,55;44,83;8;23,67;25,12;109,25;101,88;13,82;63064;83758;422,23;47747,84
196;2022;32,41;5,13;4563;0,57;0,55;45,72;8;23,67;25,14;109,3;;13,82;63064;83758;422,22;47769,13
197;2018;8,6;26,88;2489;3,94;0,64;37,04;1,69;30,74;21,9;101,5;6,2;5,7;14196;32133;259,55;27294,04
197;2019;10,44;25,58;2490;3,94;0;37,67;1,69;30,72;21,93;101,43;6,09;5,72;14244;32132;267,25;28084,1
197;2020;11,68;24,49;2491;0,64;0;38,42;1,69;30,71;21,96;101,47;6,11;5,81;14484;32132;275,23;28930,72
197;2021;11,68;24,49;2491;0,64;0;40,47;1,69;30,71;21,96;101,47;6,06;5,81;14484;32063;275,23;28930,72
197;2022;11,68;24,49;2491;0,64;0;41,47;1,69;30,71;21,96;101,43;;5,9;14709;32052;275,29;28929,52
198;2018;56,4;8,57;899;80,87;19,69;18,46;2,11;11,23;65,74;143,91;22,6;10,54;9471;242453;354,37;47962,36
198;2019;57,13;8,46;898;80,85;10,13;18,49;2,12;11,25;65,7;143,63;21,43;10,55;9471;238966;365,07;49361,54
198;2020;57,46;7,8;898;80,73;10,13;18,49;2;11,25;65,7;143,31;22,19;10,55;9475;238966;375,99;50769,34
198;2021;56,21;7,63;918;64,38;9,91;18,08;2,07;11;64,71;142,72;18,76;10,32;9475;233258;372,32;50191,79
198;2022;56,21;7,63;918;32,79;0;18,08;2,07;11;64,71;142,72;;10,32;9475;233132;372,32;50191,79
